{
  "pos": {
    "WBTC": {
      "qty": 0.265443,
      "cost": 29995.24746453,
      "trailingHigh": 113000.71
    }
  }
}